<?xml version="1.0" encoding="UTF-8"?>
<!-- Created by ZK Studio -->
<zk>
    <device-config>
        <device-type>ajax</device-type>
        <automatic-timeout>true</automatic-timeout>
        <timeout-uri>/</timeout-uri><!-- An empty URL can cause the browser to reload the same URL -->
    </device-config>
    <system-config>
        <label-location>/WEB-INF/applicationResources.properties</label-location>
        <label-location>/WEB-INF/applicationResources_zh_CN.properties</label-location>
        <label-location>/WEB-INF/applicationResources_zh_TW.properties</label-location>
    </system-config>
    <library-property>
        <name>org.zkoss.web.classWebResource.cache</name>
        <value>false</value>
    </library-property>
    <error-reload>
        <device-type>ajax</device-type>
        <error-code>301</error-code>
        <reload-uri>/timeout.zul</reload-uri>
    </error-reload>
    <error-reload>
        <device-type>ajax</device-type>
        <error-code>402</error-code>
        <reload-uri>/timeout.zul</reload-uri>
    </error-reload>
    <error-reload>
        <device-type>ajax</device-type>
        <error-code>410</error-code>
        <reload-uri>/timeout.zul</reload-uri>
        <connection-type>server-push</connection-type>
    </error-reload>
</zk>